<?xml version="1.0" encoding="UTF-8" ?>
<pageDefinition xmlns="http://xmlns.oracle.com/adfm/uimodel" version="11.1.2.64.36" id="CountryPageDef"
                Package="mobile.pageDefs">
  <parameters/>
  <executables>
    <variableIterator id="variables"/>
    <iterator id="RegionServiceIterator" Binds="root" DataControl="RegionService" RangeSize="25"/>
    <accessorIterator id="regionIterator" MasterBinding="RegionServiceIterator" Binds="region"
                      BeanClass="mobile.model.Region" DataControl="RegionService" RangeSize="25"/>
    <accessorIterator id="countriesViewIterator" MasterBinding="regionIterator" Binds="countriesView"
                      BeanClass="mobile.model.Country" DataControl="RegionService" RangeSize="25"/>
    <accessorIterator id="locationsViewIterator" MasterBinding="countriesViewIterator" Binds="locationsView"
                      BeanClass="mobile.model.Location" DataControl="RegionService" RangeSize="25"/>
  </executables>
  <bindings>
    <attributeValues id="hasCountryDataSynchActions" IterBinding="RegionServiceIterator">
      <AttrNames>
        <Item Value="hasCountryDataSynchActions"/>
      </AttrNames>
    </attributeValues>
    <attributeValues id="isNewEntity" IterBinding="countriesViewIterator">
      <AttrNames>
        <Item Value="isNewEntity"/>
      </AttrNames>
    </attributeValues>
    <methodAction id="saveRegion" RequiresUpdateModel="true" Action="invokeMethod" MethodName="saveRegion"
                  DataControl="RegionService" InstanceName="data.RegionService.dataProvider" IsViewObjectMethod="false">
      <NamedData NDName="entity" NDValue="#{bindings.regionIterator.currentRow.dataProvider}"
                 NDType="mobile.model.Region"/>
    </methodAction>
    <attributeValues id="countryId" IterBinding="countriesViewIterator">
      <AttrNames>
        <Item Value="countryId"/>
      </AttrNames>
    </attributeValues>
    <attributeValues id="countryName" IterBinding="countriesViewIterator">
      <AttrNames>
        <Item Value="countryName"/>
      </AttrNames>
    </attributeValues>
    <attributeValues id="regionId" IterBinding="countriesViewIterator">
      <AttrNames>
        <Item Value="regionId"/>
      </AttrNames>
    </attributeValues>
    <tree id="locationsView" IterBinding="locationsViewIterator">
      <nodeDefinition Name="locationsView0" DefName="mobile.model.Location">
        <AttrNames>
          <Item Value="city"/>
          <Item Value="stateProvince"/>
          <Item Value="streetAddress"/>
          <Item Value="postalCode"/>
          <Item Value="dummy"/>
        </AttrNames>
      </nodeDefinition>
    </tree>
    <attributeValues id="dummy" IterBinding="locationsViewIterator">
      <AttrNames>
        <Item Value="dummy"/>
      </AttrNames>
    </attributeValues>
    <action id="CreateLocation" RequiresUpdateModel="true" Action="createInsertRow"
            IterBinding="locationsViewIterator"/>
    <methodAction id="synchronizeCountry" RequiresUpdateModel="true" Action="invokeMethod"
                  MethodName="synchronizeCountry" DataControl="RegionService"
                  InstanceName="data.RegionService.dataProvider" IsViewObjectMethod="false">
      <NamedData NDName="inBackground" NDValue="true" NDType="java.lang.Boolean"/>
    </methodAction>
  </bindings>
</pageDefinition>
