<?xml version="1.0" encoding="UTF-8" ?>
<pageDefinition xmlns="http://xmlns.oracle.com/adfm/uimodel" version="11.1.2.64.36" id="DepartmentPageDef"
                Package="mobile.pageDefs">
  <parameters/>
  <executables>
    <variableIterator id="variables"/>
    <iterator id="DepartmentServiceIterator" Binds="root" DataControl="DepartmentService" RangeSize="25"/>
    <accessorIterator id="departmentIterator" MasterBinding="DepartmentServiceIterator" Binds="department"
                      BeanClass="mobile.model.Department" DataControl="DepartmentService" RangeSize="25"/>
    <accessorIterator id="employeesViewIterator" MasterBinding="departmentIterator" Binds="employeesView"
                      BeanClass="mobile.model.Employee" DataControl="DepartmentService" RangeSize="25"/>
  </executables>
  <bindings>
    <attributeValues id="hasDepartmentDataSynchActions" IterBinding="DepartmentServiceIterator">
      <AttrNames>
        <Item Value="hasDepartmentDataSynchActions"/>
      </AttrNames>
    </attributeValues>
    <attributeValues id="isNewEntity" IterBinding="departmentIterator">
      <AttrNames>
        <Item Value="isNewEntity"/>
      </AttrNames>
    </attributeValues>
    <methodAction id="saveDepartment" RequiresUpdateModel="true" Action="invokeMethod" MethodName="saveDepartment"
                  DataControl="DepartmentService" InstanceName="data.DepartmentService.dataProvider"
                  IsViewObjectMethod="false">
      <NamedData NDName="entity" NDValue="#{bindings.departmentIterator.currentRow.dataProvider}"
                 NDType="mobile.model.Department"/>
    </methodAction>
    <attributeValues id="departmentId" IterBinding="departmentIterator">
      <AttrNames>
        <Item Value="departmentId"/>
      </AttrNames>
    </attributeValues>
    <attributeValues id="departmentName" IterBinding="departmentIterator">
      <AttrNames>
        <Item Value="departmentName"/>
      </AttrNames>
    </attributeValues>
    <attributeValues id="managerId" IterBinding="departmentIterator">
      <AttrNames>
        <Item Value="managerId"/>
      </AttrNames>
    </attributeValues>
    <attributeValues id="locationId" IterBinding="departmentIterator">
      <AttrNames>
        <Item Value="locationId"/>
      </AttrNames>
    </attributeValues>
    <tree id="employeesView" IterBinding="employeesViewIterator">
      <nodeDefinition Name="employeesView0" DefName="mobile.model.Employee">
        <AttrNames>
          <Item Value="lastName"/>
          <Item Value="firstName"/>
          <Item Value="email"/>
          <Item Value="phoneNumber"/>
          <Item Value="dummy"/>
        </AttrNames>
      </nodeDefinition>
    </tree>
    <attributeValues id="dummy" IterBinding="employeesViewIterator">
      <AttrNames>
        <Item Value="dummy"/>
      </AttrNames>
    </attributeValues>
    <action id="DeleteDepartment" RequiresUpdateModel="false" Action="removeCurrentRow"
            IterBinding="departmentIterator"/>
    <methodAction id="synchronizeDepartment" RequiresUpdateModel="true" Action="invokeMethod"
                  MethodName="synchronizeDepartment" DataControl="DepartmentService"
                  InstanceName="data.DepartmentService.dataProvider" IsViewObjectMethod="false">
      <NamedData NDName="inBackground" NDValue="true" NDType="java.lang.Boolean"/>
    </methodAction>
  </bindings>
</pageDefinition>
