<?xml version="1.0" encoding="UTF-8" ?>
<pageDefinition xmlns="http://xmlns.oracle.com/adfm/uimodel" version="11.1.2.64.36" id="EmployeePageDef"
                Package="mobile.pageDefs">
  <parameters/>
  <executables>
    <variableIterator id="variables"/>
    <iterator id="DepartmentServiceIterator" Binds="root" DataControl="DepartmentService" RangeSize="25"/>
    <accessorIterator id="departmentIterator" MasterBinding="DepartmentServiceIterator" Binds="department"
                      BeanClass="mobile.model.Department" DataControl="DepartmentService" RangeSize="25"/>
    <accessorIterator id="employeesViewIterator" MasterBinding="departmentIterator" Binds="employeesView"
                      BeanClass="mobile.model.Employee" DataControl="DepartmentService" RangeSize="25"/>
  </executables>
  <bindings>
    <attributeValues id="hasEmployeeDataSynchActions" IterBinding="DepartmentServiceIterator">
      <AttrNames>
        <Item Value="hasEmployeeDataSynchActions"/>
      </AttrNames>
    </attributeValues>
    <attributeValues id="isNewEntity" IterBinding="employeesViewIterator">
      <AttrNames>
        <Item Value="isNewEntity"/>
      </AttrNames>
    </attributeValues>
    <attributeValues id="employeeId" IterBinding="employeesViewIterator">
      <AttrNames>
        <Item Value="employeeId"/>
      </AttrNames>
    </attributeValues>
    <attributeValues id="firstName" IterBinding="employeesViewIterator">
      <AttrNames>
        <Item Value="firstName"/>
      </AttrNames>
    </attributeValues>
    <attributeValues id="lastName" IterBinding="employeesViewIterator">
      <AttrNames>
        <Item Value="lastName"/>
      </AttrNames>
    </attributeValues>
    <attributeValues id="email" IterBinding="employeesViewIterator">
      <AttrNames>
        <Item Value="email"/>
      </AttrNames>
    </attributeValues>
    <attributeValues id="phoneNumber" IterBinding="employeesViewIterator">
      <AttrNames>
        <Item Value="phoneNumber"/>
      </AttrNames>
    </attributeValues>
    <attributeValues id="hireDate" IterBinding="employeesViewIterator">
      <AttrNames>
        <Item Value="hireDate"/>
      </AttrNames>
    </attributeValues>
    <attributeValues id="jobId" IterBinding="employeesViewIterator">
      <AttrNames>
        <Item Value="jobId"/>
      </AttrNames>
    </attributeValues>
    <attributeValues id="salary" IterBinding="employeesViewIterator">
      <AttrNames>
        <Item Value="salary"/>
      </AttrNames>
    </attributeValues>
    <attributeValues id="commissionPct" IterBinding="employeesViewIterator">
      <AttrNames>
        <Item Value="commissionPct"/>
      </AttrNames>
    </attributeValues>
    <attributeValues id="managerId" IterBinding="employeesViewIterator">
      <AttrNames>
        <Item Value="managerId"/>
      </AttrNames>
    </attributeValues>
    <attributeValues id="departmentId" IterBinding="employeesViewIterator">
      <AttrNames>
        <Item Value="departmentId"/>
      </AttrNames>
    </attributeValues>
    <methodAction id="synchronizeEmployee" RequiresUpdateModel="true" Action="invokeMethod"
                  MethodName="synchronizeEmployee" DataControl="DepartmentService"
                  InstanceName="data.DepartmentService.dataProvider" IsViewObjectMethod="false">
      <NamedData NDName="inBackground" NDValue="true" NDType="java.lang.Boolean"/>
    </methodAction>
  </bindings>
</pageDefinition>
