<?xml version="1.0" encoding="UTF-8" ?>
<pageDefinition xmlns="http://xmlns.oracle.com/adfm/uimodel" version="11.1.2.64.36" id="LocationPageDef"
                Package="mobile.pageDefs">
  <parameters/>
  <executables>
    <variableIterator id="variables"/>
    <iterator id="RegionServiceIterator" Binds="root" DataControl="RegionService" RangeSize="25"/>
    <accessorIterator id="regionIterator" MasterBinding="RegionServiceIterator" Binds="region"
                      BeanClass="mobile.model.Region" DataControl="RegionService" RangeSize="25"/>
    <accessorIterator id="countriesViewIterator" MasterBinding="regionIterator" Binds="countriesView"
                      BeanClass="mobile.model.Country" DataControl="RegionService" RangeSize="25"/>
    <accessorIterator id="locationsViewIterator" MasterBinding="countriesViewIterator" Binds="locationsView"
                      BeanClass="mobile.model.Location" DataControl="RegionService" RangeSize="25"/>
  </executables>
  <bindings>
    <attributeValues id="hasLocationDataSynchActions" IterBinding="RegionServiceIterator">
      <AttrNames>
        <Item Value="hasLocationDataSynchActions"/>
      </AttrNames>
    </attributeValues>
    <attributeValues id="isNewEntity" IterBinding="locationsViewIterator">
      <AttrNames>
        <Item Value="isNewEntity"/>
      </AttrNames>
    </attributeValues>
    <methodAction id="saveRegion" RequiresUpdateModel="true" Action="invokeMethod" MethodName="saveRegion"
                  DataControl="RegionService" InstanceName="data.RegionService.dataProvider" IsViewObjectMethod="false">
      <NamedData NDName="entity" NDValue="#{bindings.regionIterator.currentRow.dataProvider}"
                 NDType="mobile.model.Region"/>
    </methodAction>
    <attributeValues id="locationId" IterBinding="locationsViewIterator">
      <AttrNames>
        <Item Value="locationId"/>
      </AttrNames>
    </attributeValues>
    <attributeValues id="streetAddress" IterBinding="locationsViewIterator">
      <AttrNames>
        <Item Value="streetAddress"/>
      </AttrNames>
    </attributeValues>
    <attributeValues id="postalCode" IterBinding="locationsViewIterator">
      <AttrNames>
        <Item Value="postalCode"/>
      </AttrNames>
    </attributeValues>
    <attributeValues id="city" IterBinding="locationsViewIterator">
      <AttrNames>
        <Item Value="city"/>
      </AttrNames>
    </attributeValues>
    <attributeValues id="stateProvince" IterBinding="locationsViewIterator">
      <AttrNames>
        <Item Value="stateProvince"/>
      </AttrNames>
    </attributeValues>
    <attributeValues id="countryId" IterBinding="locationsViewIterator">
      <AttrNames>
        <Item Value="countryId"/>
      </AttrNames>
    </attributeValues>
    <methodAction id="synchronizeLocation" RequiresUpdateModel="true" Action="invokeMethod"
                  MethodName="synchronizeLocation" DataControl="RegionService"
                  InstanceName="data.RegionService.dataProvider" IsViewObjectMethod="false">
      <NamedData NDName="inBackground" NDValue="true" NDType="java.lang.Boolean"/>
    </methodAction>
  </bindings>
</pageDefinition>
