<?xml version="1.0" encoding="UTF-8"?>
<mobile-object-persistence>
  <class-mapping-descriptors>
    <class-mapping-descriptor>
      <class>mobile.model.Employee</class>
      <persisted>true</persisted>
      <table>EMPLOYEE</table>
      <primary-key>
        <column-name>EMPLOYEE_ID</column-name>
      </primary-key>
      <attribute-mappings>
        <attribute-mapping type="direct-mapping">
          <attribute-name>employeeId</attribute-name>
          <column name="EMPLOYEE_ID" dataType="NUMERIC"/>
          <payload-attribute-name>EmployeeId</payload-attribute-name>
          <required>true</required>
          <persisted>true</persisted>
        </attribute-mapping>
        <attribute-mapping type="direct-mapping">
          <attribute-name>firstName</attribute-name>
          <column name="FIRST_NAME" dataType="VARCHAR"/>
          <payload-attribute-name>FirstName</payload-attribute-name>
          <required>false</required>
          <persisted>true</persisted>
        </attribute-mapping>
        <attribute-mapping type="direct-mapping">
          <attribute-name>lastName</attribute-name>
          <column name="LAST_NAME" dataType="VARCHAR"/>
          <payload-attribute-name>LastName</payload-attribute-name>
          <required>false</required>
          <persisted>true</persisted>
        </attribute-mapping>
        <attribute-mapping type="direct-mapping">
          <attribute-name>email</attribute-name>
          <column name="EMAIL" dataType="VARCHAR"/>
          <payload-attribute-name>Email</payload-attribute-name>
          <required>false</required>
          <persisted>true</persisted>
        </attribute-mapping>
        <attribute-mapping type="direct-mapping">
          <attribute-name>phoneNumber</attribute-name>
          <column name="PHONE_NUMBER" dataType="VARCHAR"/>
          <payload-attribute-name>PhoneNumber</payload-attribute-name>
          <required>false</required>
          <persisted>true</persisted>
        </attribute-mapping>
        <attribute-mapping type="direct-mapping">
          <attribute-name>hireDate</attribute-name>
          <column name="HIRE_DATE" dataType="DATE"/>
          <payload-attribute-name>HireDate</payload-attribute-name>
          <required>false</required>
          <persisted>true</persisted>
        </attribute-mapping>
        <attribute-mapping type="direct-mapping">
          <attribute-name>jobId</attribute-name>
          <column name="JOB_ID" dataType="VARCHAR"/>
          <payload-attribute-name>JobId</payload-attribute-name>
          <required>false</required>
          <persisted>true</persisted>
        </attribute-mapping>
        <attribute-mapping type="direct-mapping">
          <attribute-name>salary</attribute-name>
          <column name="SALARY" dataType="NUMERIC"/>
          <payload-attribute-name>Salary</payload-attribute-name>
          <required>false</required>
          <persisted>true</persisted>
        </attribute-mapping>
        <attribute-mapping type="direct-mapping">
          <attribute-name>commissionPct</attribute-name>
          <column name="COMMISSION_PCT" dataType="NUMERIC"/>
          <payload-attribute-name>CommissionPct</payload-attribute-name>
          <required>false</required>
          <persisted>true</persisted>
        </attribute-mapping>
        <attribute-mapping type="direct-mapping">
          <attribute-name>managerId</attribute-name>
          <column name="MANAGER_ID" dataType="NUMERIC"/>
          <payload-attribute-name>ManagerId</payload-attribute-name>
          <required>false</required>
          <persisted>true</persisted>
        </attribute-mapping>
        <attribute-mapping type="direct-mapping">
          <attribute-name>departmentId</attribute-name>
          <column name="DEPARTMENT_ID" dataType="NUMERIC"/>
          <payload-attribute-name>DepartmentId</payload-attribute-name>
          <required>false</required>
          <persisted>true</persisted>
        </attribute-mapping>
      </attribute-mappings>
      <find-all-method name="findDepartments" dataControlName="HRServiceSOAP" secured="false" deleteLocalRows="true"
                       payloadElementName="result">
        <parameter name="findCriteria" javaType="java.lang.Object"/>
        <parameter name="findControl" javaType="java.lang.Object"/>
      </find-all-method>
    </class-mapping-descriptor>
    <class-mapping-descriptor>
      <class>mobile.model.Country</class>
      <persisted>true</persisted>
      <table>COUNTRY</table>
      <primary-key>
        <column-name>COUNTRY_ID</column-name>
      </primary-key>
      <attribute-mappings>
        <attribute-mapping type="direct-mapping">
          <attribute-name>countryId</attribute-name>
          <column name="COUNTRY_ID" dataType="VARCHAR"/>
          <payload-attribute-name>CountryId</payload-attribute-name>
          <required>true</required>
          <persisted>true</persisted>
        </attribute-mapping>
        <attribute-mapping type="direct-mapping">
          <attribute-name>countryName</attribute-name>
          <column name="COUNTRY_NAME" dataType="VARCHAR"/>
          <payload-attribute-name>CountryName</payload-attribute-name>
          <required>false</required>
          <persisted>true</persisted>
        </attribute-mapping>
        <attribute-mapping type="direct-mapping">
          <attribute-name>regionId</attribute-name>
          <column name="REGION_ID" dataType="NUMERIC"/>
          <payload-attribute-name>RegionId</payload-attribute-name>
          <required>false</required>
          <persisted>true</persisted>
        </attribute-mapping>
        <attribute-mapping type="one-to-many-mapping">
          <attribute-name>locationsViewList</attribute-name>
          <payload-attribute-name>LocationsView</payload-attribute-name>
          <reference-class>mobile.model.Location</reference-class>
          <target-foreign-key>
            <column-reference>
              <source-column table="LOCATION" name="COUNTRY_ID"/>
              <target-column table="COUNTRY" name="COUNTRY_ID"/>
            </column-reference>
          </target-foreign-key>
        </attribute-mapping>
      </attribute-mappings>
      <find-all-method name="findRegionsView1" dataControlName="HRServiceSOAP" secured="false" deleteLocalRows="true"
                       payloadElementName="result">
        <parameter name="findCriteria" javaType="java.lang.Object"/>
        <parameter name="findControl" javaType="java.lang.Object"/>
      </find-all-method>
    </class-mapping-descriptor>
    <class-mapping-descriptor>
      <class>mobile.model.Location</class>
      <persisted>true</persisted>
      <table>LOCATION</table>
      <primary-key>
        <column-name>LOCATION_ID</column-name>
      </primary-key>
      <attribute-mappings>
        <attribute-mapping type="direct-mapping">
          <attribute-name>locationId</attribute-name>
          <column name="LOCATION_ID" dataType="NUMERIC"/>
          <payload-attribute-name>LocationId</payload-attribute-name>
          <required>true</required>
          <persisted>true</persisted>
        </attribute-mapping>
        <attribute-mapping type="direct-mapping">
          <attribute-name>streetAddress</attribute-name>
          <column name="STREET_ADDRESS" dataType="VARCHAR"/>
          <payload-attribute-name>StreetAddress</payload-attribute-name>
          <required>false</required>
          <persisted>true</persisted>
        </attribute-mapping>
        <attribute-mapping type="direct-mapping">
          <attribute-name>postalCode</attribute-name>
          <column name="POSTAL_CODE" dataType="VARCHAR"/>
          <payload-attribute-name>PostalCode</payload-attribute-name>
          <required>false</required>
          <persisted>true</persisted>
        </attribute-mapping>
        <attribute-mapping type="direct-mapping">
          <attribute-name>city</attribute-name>
          <column name="CITY" dataType="VARCHAR"/>
          <payload-attribute-name>City</payload-attribute-name>
          <required>false</required>
          <persisted>true</persisted>
        </attribute-mapping>
        <attribute-mapping type="direct-mapping">
          <attribute-name>stateProvince</attribute-name>
          <column name="STATE_PROVINCE" dataType="VARCHAR"/>
          <payload-attribute-name>StateProvince</payload-attribute-name>
          <required>false</required>
          <persisted>true</persisted>
        </attribute-mapping>
        <attribute-mapping type="direct-mapping">
          <attribute-name>countryId</attribute-name>
          <column name="COUNTRY_ID" dataType="VARCHAR"/>
          <payload-attribute-name>CountryId</payload-attribute-name>
          <required>false</required>
          <persisted>true</persisted>
        </attribute-mapping>
      </attribute-mappings>
      <find-all-method name="findRegionsView1" dataControlName="HRServiceSOAP" secured="false" deleteLocalRows="true"
                       payloadElementName="result">
        <parameter name="findCriteria" javaType="java.lang.Object"/>
        <parameter name="findControl" javaType="java.lang.Object"/>
      </find-all-method>
    </class-mapping-descriptor>
    <class-mapping-descriptor>
      <class>mobile.model.Department</class>
      <crud-service-class>mobile.model.service.DepartmentService</crud-service-class>
      <persisted>true</persisted>
      <date-format></date-format>
      <date-time-format></date-time-format>
      <order-by>DEPARTMENT_NAME</order-by>
      <table>DEPARTMENT</table>
      <primary-key>
        <column-name>DEPARTMENT_ID</column-name>
      </primary-key>
      <attribute-mappings>
        <attribute-mapping type="direct-mapping">
          <attribute-name>departmentId</attribute-name>
          <column name="DEPARTMENT_ID" dataType="NUMERIC"/>
          <payload-attribute-name>DepartmentId</payload-attribute-name>
          <required>true</required>
          <persisted>true</persisted>
        </attribute-mapping>
        <attribute-mapping type="direct-mapping">
          <attribute-name>departmentName</attribute-name>
          <column name="DEPARTMENT_NAME" dataType="VARCHAR"/>
          <payload-attribute-name>DepartmentName</payload-attribute-name>
          <required>false</required>
          <persisted>true</persisted>
        </attribute-mapping>
        <attribute-mapping type="direct-mapping">
          <attribute-name>managerId</attribute-name>
          <column name="MANAGER_ID" dataType="NUMERIC"/>
          <payload-attribute-name>ManagerId</payload-attribute-name>
          <required>false</required>
          <persisted>true</persisted>
        </attribute-mapping>
        <attribute-mapping type="direct-mapping">
          <attribute-name>locationId</attribute-name>
          <column name="LOCATION_ID" dataType="NUMERIC"/>
          <payload-attribute-name>LocationId</payload-attribute-name>
          <required>false</required>
          <persisted>true</persisted>
        </attribute-mapping>
        <attribute-mapping type="one-to-many-mapping">
          <attribute-name>employeesViewList</attribute-name>
          <payload-attribute-name>EmployeesView</payload-attribute-name>
          <reference-class>mobile.model.Employee</reference-class>
          <target-foreign-key>
            <column-reference>
              <source-column table="EMPLOYEE" name="DEPARTMENT_ID"/>
              <target-column table="DEPARTMENT" name="DEPARTMENT_ID"/>
            </column-reference>
          </target-foreign-key>
        </attribute-mapping>
      </attribute-mappings>
      <find-all-method name="findDepartments" dataControlName="HRServiceSOAP" secured="false" deleteLocalRows="true"
                       payloadElementName="result">
        <parameter name="findCriteria" javaType="java.lang.Object"/>
        <parameter name="findControl" javaType="java.lang.Object"/>
      </find-all-method>
      <create-method name="createDepartments" dataControlName="HRServiceSOAP" secured="false"
                     payloadElementName="result">
        <parameter name="departments" valueProvider="SerializedDataObject" javaType="java.lang.Object"/>
      </create-method>
      <update-method name="updateDepartments" dataControlName="HRServiceSOAP" secured="false"
                     payloadElementName="result">
        <parameter name="departments" valueProvider="SerializedDataObject" javaType="java.lang.Object"/>
      </update-method>
      <merge-method name="mergeDepartments" dataControlName="HRServiceSOAP" secured="false" payloadElementName="result">
        <parameter name="departments" valueProvider="SerializedDataObject" javaType="java.lang.Object"/>
      </merge-method>
      <remove-method name="deleteDepartments" dataControlName="HRServiceSOAP" secured="false">
        <parameter name="departments" valueProvider="SerializedDataObject" javaType="java.lang.Object"/>
      </remove-method>
    </class-mapping-descriptor>
    <class-mapping-descriptor>
      <class>mobile.model.Region</class>
      <crud-service-class>mobile.model.service.RegionService</crud-service-class>
      <persisted>true</persisted>
      <date-format></date-format>
      <date-time-format></date-time-format>
      <order-by></order-by>
      <table>REGION</table>
      <primary-key>
        <column-name>REGION_ID</column-name>
      </primary-key>
      <attribute-mappings>
        <attribute-mapping type="direct-mapping">
          <attribute-name>regionId</attribute-name>
          <column name="REGION_ID" dataType="NUMERIC"/>
          <payload-attribute-name>RegionId</payload-attribute-name>
          <required>true</required>
          <persisted>true</persisted>
        </attribute-mapping>
        <attribute-mapping type="direct-mapping">
          <attribute-name>regionName</attribute-name>
          <column name="REGION_NAME" dataType="VARCHAR"/>
          <payload-attribute-name>RegionName</payload-attribute-name>
          <required>false</required>
          <persisted>true</persisted>
        </attribute-mapping>
        <attribute-mapping type="one-to-many-mapping">
          <attribute-name>countriesViewList</attribute-name>
          <payload-attribute-name>CountriesView</payload-attribute-name>
          <reference-class>mobile.model.Country</reference-class>
          <target-foreign-key>
            <column-reference>
              <source-column table="COUNTRY" name="REGION_ID"/>
              <target-column table="REGION" name="REGION_ID"/>
            </column-reference>
          </target-foreign-key>
        </attribute-mapping>
      </attribute-mappings>
      <find-all-method name="findRegionsView1" dataControlName="HRServiceSOAP" secured="false" deleteLocalRows="true"
                       payloadElementName="result">
        <parameter name="findCriteria" javaType="java.lang.Object"/>
        <parameter name="findControl" javaType="java.lang.Object"/>
      </find-all-method>
      <create-method name="createRegionsView1" dataControlName="HRServiceSOAP" secured="false"
                     payloadElementName="result">
        <parameter name="regionsView1" valueProvider="SerializedDataObject" javaType="java.lang.Object"/>
      </create-method>
      <update-method name="updateRegionsView1" dataControlName="HRServiceSOAP" secured="false"
                     payloadElementName="result">
        <parameter name="regionsView1" valueProvider="SerializedDataObject" javaType="java.lang.Object"/>
      </update-method>
      <merge-method name="mergeRegionsView1" dataControlName="HRServiceSOAP" secured="false"
                    payloadElementName="result">
        <parameter name="regionsView1" valueProvider="SerializedDataObject" javaType="java.lang.Object"/>
      </merge-method>
      <remove-method name="deleteRegionsView1" dataControlName="HRServiceSOAP" secured="false">
        <parameter name="regionsView1" valueProvider="SerializedDataObject" javaType="java.lang.Object"/>
      </remove-method>
    </class-mapping-descriptor>
    <class-mapping-descriptor>
      <class>oracle.ateam.sample.mobile.persistence.service.DataSynchAction</class>
      <table>DATA_SYNCH_ACTIONS</table>
      <date-format>dd-MMM-yyyy</date-format>
      <primary-key>
        <column-name>ENTITY_CLASS_NAME</column-name>
        <column-name>ID</column-name>
      </primary-key>
      <attribute-mappings>
        <attribute-mapping type="direct-mapping">
          <attribute-name>id</attribute-name>
          <column name="ID" dataType="NUMERIC"/>
          <required>true</required>
        </attribute-mapping>
        <attribute-mapping type="direct-mapping">
          <attribute-name>entityClassString</attribute-name>
          <column name="ENTITY_CLASS_NAME" dataType="VARCHAR"/>
          <required>true</required>
        </attribute-mapping>
        <attribute-mapping type="direct-mapping">
          <attribute-name>entityAsJSONString</attribute-name>
          <column name="JSON_PAYLOAD" dataType="VARCHAR"/>
          <required>false</required>
        </attribute-mapping>
        <attribute-mapping type="direct-mapping">
          <attribute-name>action</attribute-name>
          <column name="ACTION" dataType="VARCHAR"/>
          <required>true</required>
        </attribute-mapping>
        <attribute-mapping type="direct-mapping">
          <attribute-name>dateCreated</attribute-name>
          <column name="DATE_CREATED" dataType="DATE"/>
          <required>true</required>
        </attribute-mapping>
        <attribute-mapping type="direct-mapping">
          <attribute-name>lastSynchAttempt</attribute-name>
          <column name="DATE_LAST_SYNCH" dataType="DATE"/>
          <required>false</required>
        </attribute-mapping>
        <attribute-mapping type="direct-mapping">
          <attribute-name>lastSynchError</attribute-name>
          <column name="LAST_SYNCH_ERROR" dataType="DATE"/>
          <required>false</required>
        </attribute-mapping>
      </attribute-mappings>
    </class-mapping-descriptor>
  </class-mapping-descriptors>
</mobile-object-persistence>
