<?xml version="1.0" encoding="windows-1252" ?>
<!DOCTYPE ViewLink SYSTEM "jbo_03_01.dtd">
<!---->
<ViewLink
  xmlns="http://xmlns.oracle.com/bc4j"
  Name="DeptMgrFkLink"
  Version="11.1.2.60.17"
  EntityAssociation="davelaar.demo.model.entities.assocs.DeptMgrFkAssoc">
  <ViewLinkDefEnd
    Name="EmployeesView"
    Cardinality="1"
    Source="true"
    Owner="davelaar.demo.model.queries.EmployeesView">
    <DesignTime>
      <Attr Name="_finderName" Value="EmployeesView"/>
      <Attr Name="_isUpdateable" Value="true"/>
    </DesignTime>
    <AttrArray Name="Attributes">
      <Item Value="davelaar.demo.model.queries.EmployeesView.EmployeeId"/>
    </AttrArray>
  </ViewLinkDefEnd>
  <ViewLinkDefEnd
    Name="DepartmentsView"
    Cardinality="-1"
    Owner="davelaar.demo.model.queries.DepartmentsView">
    <DesignTime>
      <Attr Name="_finderName" Value="DepartmentsView"/>
      <Attr Name="_isUpdateable" Value="true"/>
    </DesignTime>
    <AttrArray Name="Attributes">
      <Item Value="davelaar.demo.model.queries.DepartmentsView.ManagerId"/>
    </AttrArray>
  </ViewLinkDefEnd>
</ViewLink>
