<?xml version="1.0" encoding="windows-1252" ?>
<!DOCTYPE AppModule SYSTEM "jbo_03_01.dtd">
<!---->
<AppModule
  xmlns="http://xmlns.oracle.com/bc4j"
  Name="HRService"
  Version="11.1.2.64.36"
  ClearCacheOnRollback="true"
  ComponentClass="davelaar.demo.model.service.HRServiceImpl"
  ComponentInterface="davelaar.demo.model.service.common.HRService"
  ClientProxyName="davelaar.demo.model.service.client.HRServiceClient">
  <DesignTime>
    <Attr Name="_isCodegen" Value="true"/>
  </DesignTime>
  <ViewUsage
    Name="DepartmentsView1"
    ViewObjectName="davelaar.demo.model.queries.DepartmentsView"/>
  <ViewUsage
    Name="EmployeesView1"
    ViewObjectName="davelaar.demo.model.queries.EmployeesView"/>
  <ViewUsage
    Name="JobsView1"
    ViewObjectName="davelaar.demo.model.queries.JobsView"/>
  <ViewUsage
    Name="EmployeesView3"
    ViewObjectName="davelaar.demo.model.queries.EmployeesView"/>
  <ViewLinkUsage
    Name="EmpDeptFkLink1"
    ViewLinkObjectName="davelaar.demo.model.queries.links.EmpDeptFkLink"
    SrcViewUsageName="davelaar.demo.model.service.HRService.DepartmentsView1"
    DstViewUsageName="davelaar.demo.model.service.HRService.EmployeesView3"
    Reversed="false"/>
  <ClientInterface>
    <Method
      Name="queryByKeyValue"
      MethodName="queryByKeyValue">
      <Return
        Type="void"/>
      <Parameter
        Name="viewObjectUsage"
        Type="java.lang.String"/>
      <Parameter
        Name="keyValue"
        Type="java.lang.String"/>
    </Method>
    <Method
      Name="insertUpdateOrDeleteDepartments"
      MethodName="insertUpdateOrDeleteDepartments">
      <Return
        Type="java.lang.String"/>
      <Parameter
        Name="xml"
        Type="java.lang.String"/>
    </Method>
    <Method
      Name="getDepartmentAndEmployeesAsXML"
      MethodName="getDepartmentAndEmployeesAsXML">
      <Return
        Type="java.lang.String"/>
    </Method>
    <Method
      Name="getDepartmentsAsXML"
      MethodName="getDepartmentsAsXML">
      <Return
        Type="java.lang.String"/>
    </Method>
    <Method
      Name="insertUpdateOrDeleteDepartments"
      MethodName="insertUpdateOrDeleteDepartments">
      <Return
        Type="java.lang.String"/>
      <Parameter
        Name="xml"
        Type="java.lang.String"/>
    </Method>
    <Method
      Name="getDepartmentAndEmployeesAsJSON"
      MethodName="getDepartmentAndEmployeesAsJSON">
      <Return
        Type="java.lang.String"/>
      <Parameter
        Name="usePrettyPrinting"
        Type="boolean"/>
    </Method>
    <Method
      Name="getDepartmentsAsJSON"
      MethodName="getDepartmentsAsJSON">
      <Return
        Type="java.lang.String"/>
      <Parameter
        Name="usePrettyPrinting"
        Type="boolean"/>
    </Method>
    <Method
      Name="mergeDepartments"
      MethodName="mergeDepartments">
      <Return
        Type="java.lang.String"/>
      <Parameter
        Name="json"
        Type="java.lang.String"/>
    </Method>
    <Method
      Name="deleteDepartments"
      MethodName="deleteDepartments">
      <Return
        Type="java.lang.String"/>
      <Parameter
        Name="json"
        Type="java.lang.String"/>
    </Method>
    <Method
      Name="deleteEmployees"
      MethodName="deleteEmployees">
      <Return
        Type="java.lang.String"/>
      <Parameter
        Name="json"
        Type="java.lang.String"/>
    </Method>
    <Method
      Name="getEmployeeAsJSON"
      MethodName="getEmployeeAsJSON">
      <Return
        Type="java.lang.String"/>
      <Parameter
        Name="usePrettyPrinting"
        Type="boolean"/>
    </Method>
    <Method
      Name="getEmployeesAsXML"
      MethodName="getEmployeesAsXML">
      <Return
        Type="java.lang.String"/>
    </Method>
    <Method
      Name="insertUpdateOrDeleteEmployees"
      MethodName="insertUpdateOrDeleteEmployees">
      <Return
        Type="java.lang.String"/>
      <Parameter
        Name="xml"
        Type="java.lang.String"/>
    </Method>
    <Method
      Name="mergeEmployees"
      MethodName="mergeEmployees">
      <Return
        Type="java.lang.String"/>
      <Parameter
        Name="json"
        Type="java.lang.String"/>
    </Method>
  </ClientInterface>
</AppModule>
