<?xml version = '1.0' encoding = 'UTF-8'?>
<References xmlns="http://xmlns.oracle.com/adf/jndi">
   <Reference name="HRServiceSOAP" className="oracle.adf.model.connection.webservice.impl.WebServiceConnectionImpl" xmlns="">
      <Factory className="oracle.adf.model.connection.webservice.api.WebServiceConnectionFactory"/>
      <RefAddresses>
         <XmlRefAddr addrType="WebServiceConnection">
            <Contents>
               <wsconnection description="http://127.0.0.1:7101/HrDemoSOAP-Model-context-root/HRServiceService?wsdl" service="{/oracle/ateam/hr/soapdemo/model/common/}HRServiceService">
                  <model name="{/oracle/ateam/hr/soapdemo/model/common/}HRServiceService" xmlns="http://oracle.com/ws/model">
                     <service name="{/oracle/ateam/hr/soapdemo/model/common/}HRServiceService">
                        <port name="HRServiceServiceSoapHttpPort" binding="{/oracle/ateam/hr/soapdemo/model/common/}HRServiceServiceSoapHttp">
                           <soap addressUrl="http://127.0.0.1:7101/HrDemoSOAP-Model-context-root/HRServiceService" xmlns="http://schemas.xmlsoap.org/wsdl/soap/"/>
                           <operation name="mergeDepartments">
                              <soap soapAction="/oracle/ateam/hr/soapdemo/model/common/mergeDepartments" xmlns="http://schemas.xmlsoap.org/wsdl/soap/"/>
                              <output name=""/>
                              <input name=""/>
                           </operation>
                           <operation name="createDepartments">
                              <soap soapAction="/oracle/ateam/hr/soapdemo/model/common/createDepartments" xmlns="http://schemas.xmlsoap.org/wsdl/soap/"/>
                              <output name=""/>
                              <input name=""/>
                           </operation>
                           <operation name="findDepartments">
                              <soap soapAction="/oracle/ateam/hr/soapdemo/model/common/findDepartments" xmlns="http://schemas.xmlsoap.org/wsdl/soap/"/>
                              <output name=""/>
                              <input name=""/>
                           </operation>
                           <operation name="deleteDepartments">
                              <soap soapAction="/oracle/ateam/hr/soapdemo/model/common/deleteDepartments" xmlns="http://schemas.xmlsoap.org/wsdl/soap/"/>
                              <output name=""/>
                              <input name=""/>
                           </operation>
                           <operation name="mergeRegionsView1">
                              <soap soapAction="/oracle/ateam/hr/soapdemo/model/common/mergeRegionsView1" xmlns="http://schemas.xmlsoap.org/wsdl/soap/"/>
                              <output name=""/>
                              <input name=""/>
                           </operation>
                           <operation name="deleteRegionsView1">
                              <soap soapAction="/oracle/ateam/hr/soapdemo/model/common/deleteRegionsView1" xmlns="http://schemas.xmlsoap.org/wsdl/soap/"/>
                              <output name=""/>
                              <input name=""/>
                           </operation>
                           <operation name="getRegionsView1">
                              <soap soapAction="/oracle/ateam/hr/soapdemo/model/common/getRegionsView1" xmlns="http://schemas.xmlsoap.org/wsdl/soap/"/>
                              <output name=""/>
                              <input name=""/>
                           </operation>
                           <operation name="updateDepartments">
                              <soap soapAction="/oracle/ateam/hr/soapdemo/model/common/updateDepartments" xmlns="http://schemas.xmlsoap.org/wsdl/soap/"/>
                              <output name=""/>
                              <input name=""/>
                           </operation>
                           <operation name="findRegionsView1">
                              <soap soapAction="/oracle/ateam/hr/soapdemo/model/common/findRegionsView1" xmlns="http://schemas.xmlsoap.org/wsdl/soap/"/>
                              <output name=""/>
                              <input name=""/>
                           </operation>
                           <operation name="createRegionsView1">
                              <soap soapAction="/oracle/ateam/hr/soapdemo/model/common/createRegionsView1" xmlns="http://schemas.xmlsoap.org/wsdl/soap/"/>
                              <output name=""/>
                              <input name=""/>
                           </operation>
                           <operation name="getDepartments">
                              <soap soapAction="/oracle/ateam/hr/soapdemo/model/common/getDepartments" xmlns="http://schemas.xmlsoap.org/wsdl/soap/"/>
                              <output name=""/>
                              <input name=""/>
                           </operation>
                           <operation name="updateRegionsView1">
                              <soap soapAction="/oracle/ateam/hr/soapdemo/model/common/updateRegionsView1" xmlns="http://schemas.xmlsoap.org/wsdl/soap/"/>
                              <output name=""/>
                              <input name=""/>
                           </operation>
                        </port>
                     </service>
                  </model>
               </wsconnection>
            </Contents>
         </XmlRefAddr>
      </RefAddresses>
   </Reference>
   <Reference name="HRDemoRest" className="oracle.adf.model.connection.url.HttpURLConnection" xmlns="">
      <Factory className="oracle.adf.model.connection.url.URLConnectionFactory"/>
      <RefAddresses>
         <XmlRefAddr addrType="HRDemoRest">
            <Contents>
               <urlconnection name="HRDemoRest" url="http://192.168.1.112:7101/hrdemorest/rest"/>
            </Contents>
         </XmlRefAddr>
      </RefAddresses>
   </Reference>
</References>