<?xml version="1.0" encoding="windows-1252" ?>
<adfc-config xmlns="http://xmlns.oracle.com/adf/controller" version="1.2">
  <metadata-resource>/WEB-INF/home-tf.xml</metadata-resource>
  <metadata-resource>/WEB-INF/employees-tf.xml</metadata-resource>
  <metadata-resource>/WEB-INF/jobs-tf.xml</metadata-resource>
  <metadata-resource>/WEB-INF/departments-tf.xml</metadata-resource>
  <view id="UIShell">
    <page>/common/pages/UIShell.jsf</page>
  </view>
  <view id="UIShellDT">
    <page>/common/pages/UIShellDT.jsf</page>
  </view>
  <control-flow-rule id="__8">
    <from-activity-id>*</from-activity-id>
    <control-flow-case id="__9">
      <from-outcome>uishell</from-outcome>
      <to-activity-id>UIShell</to-activity-id>
    </control-flow-case>
    <control-flow-case id="__10">
      <from-outcome>uishelldt</from-outcome>
      <to-activity-id>UIShellDT</to-activity-id>
    </control-flow-case>
  </control-flow-rule>
  <managed-bean id="__1">
    <managed-bean-name>pendingChangesBean</managed-bean-name>
    <managed-bean-class>davelaar.demo.ui.controller.bean.PendingChangesBean</managed-bean-class>
    <managed-bean-scope>pageFlow</managed-bean-scope>
  </managed-bean>
  <managed-bean id="__2">
    <managed-bean-name>mainRegionManager</managed-bean-name>
    <managed-bean-class>davelaar.demo.ui.controller.bean.DynamicRegionManager</managed-bean-class>
    <managed-bean-scope>pageFlow</managed-bean-scope>
    <managed-property id="__5">
      <property-name>currentTaskFlowName</property-name>
      <value>Home</value>
    </managed-property>
  </managed-bean>
  <managed-bean id="__3">
    <managed-bean-name>menuModel</managed-bean-name>
    <managed-bean-class>davelaar.demo.ui.controller.bean.RegionXmlMenuModel</managed-bean-class>
    <managed-bean-scope>request</managed-bean-scope>
    <managed-property id="__4">
      <property-name>source</property-name>
      <value>/WEB-INF/menu.xml</value>
    </managed-property>
  </managed-bean>
  <managed-bean id="__133">
    <managed-bean-name>menuDtModel</managed-bean-name>
    <managed-bean-class>davelaar.demo.ui.controller.bean.RegionXmlMenuModel</managed-bean-class>
    <managed-bean-scope>request</managed-bean-scope>
    <managed-property id="__144">
      <property-name>source</property-name>
      <value>/WEB-INF/menu-dt.xml</value>
    </managed-property>
  </managed-bean>

  <managed-bean id="__6">
    <managed-bean-name>EmployeesTaskFlowConfig</managed-bean-name>
    <managed-bean-class>davelaar.demo.ui.controller.bean.TaskFlowConfigBean</managed-bean-class>
    <managed-bean-scope>pageFlow</managed-bean-scope>
    <managed-property>
      <property-name>params</property-name>
      <property-class>java.util.Map</property-class>
      <map-entries>
      </map-entries>
    </managed-property>
    <managed-property>
      <property-name>name</property-name>
      <value>Employees</value>
    </managed-property>
    <managed-property>
      <property-name>label</property-name>
      <value>Employees</value>
    </managed-property>
    <managed-property>
      <property-name>taskFlowId</property-name>
      <value>/WEB-INF/employees-tf.xml#employees</value>
    </managed-property>
  </managed-bean>
  <managed-bean id="__13">
    <managed-bean-name>JobsTaskFlowConfig</managed-bean-name>
    <managed-bean-class>davelaar.demo.ui.controller.bean.TaskFlowConfigBean</managed-bean-class>
    <managed-bean-scope>pageFlow</managed-bean-scope>
    <managed-property>
      <property-name>params</property-name>
      <property-class>java.util.Map</property-class>
      <map-entries>
      </map-entries>
    </managed-property>
    <managed-property>
      <property-name>name</property-name>
      <value>Jobs</value>
    </managed-property>
    <managed-property>
      <property-name>label</property-name>
      <value>Maintain Jobs</value>
    </managed-property>
    <managed-property>
      <property-name>taskFlowId</property-name>
      <value>/WEB-INF/jobs-tf.xml#jobs</value>
    </managed-property>
  </managed-bean>
  <managed-bean id="__16">
    <managed-bean-name>DepartmentsTaskFlowConfig</managed-bean-name>
    <managed-bean-class>davelaar.demo.ui.controller.bean.TaskFlowConfigBean</managed-bean-class>
    <managed-bean-scope>pageFlow</managed-bean-scope>
    <managed-property>
      <property-name>params</property-name>
      <property-class>java.util.Map</property-class>
      <map-entries>
      </map-entries>
    </managed-property>
    <managed-property>
      <property-name>name</property-name>
      <value>Departments</value>
    </managed-property>
    <managed-property>
      <property-name>label</property-name>
      <value>Departments</value>
    </managed-property>
    <managed-property>
      <property-name>taskFlowId</property-name>
      <value>/WEB-INF/departments-tf.xml#departments</value>
    </managed-property>
  </managed-bean>

  <managed-bean id="__14">
    <managed-bean-name>ViewJobsTaskFlowConfig</managed-bean-name>
    <managed-bean-class>davelaar.demo.ui.controller.bean.TaskFlowConfigBean</managed-bean-class>
    <managed-bean-scope>pageFlow</managed-bean-scope>
    <managed-property>
      <property-name>params</property-name>
      <property-class>java.util.Map</property-class>
      <map-entries>
        <map-entry id="__15">
          <key>readOnlyMode</key>
          <value>#{true}</value>
        </map-entry>
      </map-entries>
    </managed-property>
    <managed-property>
      <property-name>name</property-name>
      <value>ViewJobs</value>
    </managed-property>
    <managed-property>
      <property-name>label</property-name>
      <value>View Jobs</value>
    </managed-property>
    <managed-property>
      <property-name>taskFlowId</property-name>
      <value>/WEB-INF/jobs-tf.xml#jobs</value>
    </managed-property>
  </managed-bean>

  <managed-bean id="__49">
    <managed-bean-name id="__50">dynTabContext</managed-bean-name>
    <managed-bean-class id="__51">davelaar.demo.ui.view.dyntab.DynTabContext</managed-bean-class>
    <managed-bean-scope id="__52">view</managed-bean-scope>
    <managed-property id="__53">
      <property-name id="__54">tabTracker</property-name>
      <property-class>davelaar.demo.ui.view.dyntab.DynTabTracker</property-class>
      <value id="__55">#{viewScope.dynTabTracker}</value>
    </managed-property>
    <managed-property id="__56">
      <property-name id="__57">doUpdateDocumentTitle</property-name>
      <property-class>java.lang.Boolean</property-class>
      <value id="__58">true</value>
    </managed-property>
  </managed-bean>
  <managed-bean id="__59">
    <managed-bean-name id="__60">dynTabTracker</managed-bean-name>
    <managed-bean-class id="__61">davelaar.demo.ui.view.dyntab.DynTabTracker</managed-bean-class>
    <managed-bean-scope id="__62">view</managed-bean-scope>
    <managed-property id="__63">
      <property-name id="__64">maxNumberOfTabs</property-name>
      <property-class>java.lang.Integer</property-class>
      <value id="__65">15</value>
    </managed-property>
    <managed-property id="__66">
      <property-name id="__67">initialTabs</property-name>
      <property-class>java.util.List</property-class>
      <list-entries></list-entries>
    </managed-property>
    <managed-property id="__68">
      <property-name id="__69">emptyTaskFlowDocument</property-name>
      <property-class>java.lang.String</property-class>
      <value id="__70">/WEB-INF/Blank.xml#blank</value>
    </managed-property>
  </managed-bean>
  <managed-bean id="__7">
    <managed-bean-name>dynTabLauncher</managed-bean-name>
    <managed-bean-class>davelaar.demo.ui.view.dyntab.DynTabLauncher</managed-bean-class>
    <managed-bean-scope>request</managed-bean-scope>
  </managed-bean>
</adfc-config>
