<?xml version="1.0" encoding="windows-1252" ?>
<adfc-config xmlns="http://xmlns.oracle.com/adf/controller" version="1.2">
  <task-flow-definition id="employees">
    <template-reference>
      <document>/WEB-INF/tf-fragment-template.xml</document>
      <id>tf-fragment-template</id>
    </template-reference>
    <default-activity>SearchEmployees</default-activity>
    <input-parameter-definition id="__4">
      <name>hideDepartmentId</name>
      <value>#{pageFlowScope.hideDepartmentId}</value>
      <class>java.lang.Boolean</class>
    </input-parameter-definition>
    <view id="SearchEmployees">
      <page>/pages/SearchEmployees.jsff</page>
    </view>
    <view id="EditEmployee">
      <page>/pages/EditEmployee.jsff</page>
    </view>
    <task-flow-call id="jobs">
      <task-flow-reference>
        <document>/WEB-INF/jobs-tf.xml</document>
        <id>jobs</id>
      </task-flow-reference>
      <input-parameter id="__3">
        <name>readOnlyMode</name>
        <value>#{false}</value>
      </input-parameter>
      <input-parameter id="__5">
        <name>rowKeyValue</name>
        <value>#{bindings.JobId.inputValue}</value>
      </input-parameter>
    </task-flow-call>
    <control-flow-rule id="__1">
      <from-activity-id>SearchEmployees</from-activity-id>
      <control-flow-case id="__2">
        <from-outcome>edit</from-outcome>
        <to-activity-id>EditEmployee</to-activity-id>
      </control-flow-case>
    </control-flow-rule>
    <control-flow-rule id="__6">
      <from-activity-id>EditEmployee</from-activity-id>
      <control-flow-case id="__7">
        <from-outcome>callJob</from-outcome>
        <to-activity-id>jobs</to-activity-id>
      </control-flow-case>
      <control-flow-case id="__10">
        <from-outcome>cancel</from-outcome>
        <to-activity-id>SearchEmployees</to-activity-id>
      </control-flow-case>
    </control-flow-rule>
    <use-page-fragments/>
  </task-flow-definition>

</adfc-config>
