<?xml version="1.0" encoding="windows-1252" ?>
<adfc-config xmlns="http://xmlns.oracle.com/adf/controller" version="1.2">
  <task-flow-definition id="home">
    <template-reference>
      <document>/WEB-INF/tf-fragment-template.xml</document>
      <id>tf-fragment-template</id>
    </template-reference>
    <default-activity>Home</default-activity>
    <view id="Home">
      <page>/pages/Home.jsff</page>
    </view>
    <use-page-fragments/>
  </task-flow-definition>
  <!-- This bean must be defined outside the task-flow-definition element
       because it needs to be available in the pageFlowScope of the unbounded
       task-flow not in the pageFlowScope of the bounded task flow itself.
       We could have defined it in adfc-config.xml as well, but it is nice
       to keep it tied to the taskflow it refers to. 
       Note that for this bean to be found, this adfc-config file needs to be 
       registered in adfc-config.xml as follows:        

        <metadata-resource>/WEB-INF/home-tf.xml</metadata-resource>

   -->
  <managed-bean id="__5">
    <managed-bean-name>HomeTaskFlowConfig</managed-bean-name>
    <managed-bean-class>davelaar.demo.ui.controller.bean.TaskFlowConfigBean</managed-bean-class>
    <managed-bean-scope>pageFlow</managed-bean-scope>
    <managed-property>
      <property-name>params</property-name>
      <property-class>java.util.Map</property-class>
      <map-entries>
      </map-entries>
    </managed-property>
    <managed-property>
      <property-name>name</property-name>
      <value>Home</value>
    </managed-property>
    <managed-property>
      <property-name>taskFlowId</property-name>
      <value>/WEB-INF/home-tf.xml#home</value>
    </managed-property>
  </managed-bean>
</adfc-config>
