<?xml version="1.0" encoding="windows-1252" ?>
<adfc-config xmlns="http://xmlns.oracle.com/adf/controller" version="1.2">
  <task-flow-template id="tf-fragment-template">
    <data-control-scope id="dcs">
      <shared/>
    </data-control-scope>
    <input-parameter-definition id="__1">
      <name>hideSaveButton</name>
      <value>#{pageFlowScope.hideSaveButton}</value>
      <class>java.lang.Boolean</class>
    </input-parameter-definition>
    <input-parameter-definition id="__2">
      <name>hideCancelButton</name>
      <value>#{pageFlowScope.hideCancelButton}</value>
      <class>java.lang.Boolean</class>
    </input-parameter-definition>
    <input-parameter-definition id="__8">
      <name>hideToolbarButtons</name>
      <value>#{pageFlowScope.hideToolbarButtons}</value>
      <class>java.lang.Boolean</class>
    </input-parameter-definition>
    <input-parameter-definition id="__3">
      <name>autoQuery</name>
      <value>#{pageFlowScope.autoQuery}</value>
      <class>java.lang.Boolean</class>
    </input-parameter-definition>
    <input-parameter-definition id="__4">
      <name>dataCollection</name>
      <value>#{pageFlowScope.dataCollection}</value>
      <class>java.lang.String</class>
    </input-parameter-definition>
    <use-page-fragments/>
  </task-flow-template>
</adfc-config>
