<?xml version="1.0" encoding="windows-1252" ?>
<!DOCTYPE AppModule SYSTEM "jbo_03_01.dtd">
<!---->
<AppModule
  xmlns="http://xmlns.oracle.com/bc4j"
  Name="HRService"
  Version="11.1.2.64.36"
  ClearCacheOnRollback="true">
  <DesignTime>
    <Attr Name="_deployType" Value="4096"/>
  </DesignTime>
  <ViewUsage
    Name="Departments"
    ViewObjectName="oracle.ateam.hr.soapdemo.model.DepartmentsView"/>
  <ViewUsage
    Name="EmployeesInDepartment"
    ViewObjectName="oracle.ateam.hr.soapdemo.model.EmployeesView"/>
  <ViewUsage
    Name="RegionsView1"
    ViewObjectName="oracle.ateam.hr.soapdemo.model.RegionsView"/>
  <ViewUsage
    Name="CountriesView2"
    ViewObjectName="oracle.ateam.hr.soapdemo.model.CountriesView"/>
  <ViewUsage
    Name="LocationsView1"
    ViewObjectName="oracle.ateam.hr.soapdemo.model.LocationsView"/>
  <ViewLinkUsage
    Name="EmpDeptFkLink1"
    ViewLinkObjectName="oracle.ateam.hr.soapdemo.model.EmpDeptFkLink"
    SrcViewUsageName="oracle.ateam.hr.soapdemo.model.HRService.Departments"
    DstViewUsageName="oracle.ateam.hr.soapdemo.model.HRService.EmployeesInDepartment"
    Reversed="false"/>
  <ViewLinkUsage
    Name="CountrRegFkLink1"
    ViewLinkObjectName="oracle.ateam.hr.soapdemo.model.CountrRegFkLink"
    SrcViewUsageName="oracle.ateam.hr.soapdemo.model.HRService.RegionsView1"
    DstViewUsageName="oracle.ateam.hr.soapdemo.model.HRService.CountriesView2"
    Reversed="false"/>
  <ViewLinkUsage
    Name="LocCIdFkLink2"
    ViewLinkObjectName="oracle.ateam.hr.soapdemo.model.LocCIdFkLink"
    SrcViewUsageName="oracle.ateam.hr.soapdemo.model.HRService.CountriesView2"
    DstViewUsageName="oracle.ateam.hr.soapdemo.model.HRService.LocationsView1"
    Reversed="false"/>
  <Remote
    Name="ServiceInterface"
    ServerClassName="oracle.ateam.hr.soapdemo.model.server.serviceinterface.HRServiceServiceImpl"
    ServerInterfaceName="oracle.ateam.hr.soapdemo.model.common.serviceinterface.HRServiceService">
    <DesignTime>
      <Attr Name="_webServiceName" Value="HRServiceService"/>
      <Attr Name="_targetNameSpace" Value="/oracle/ateam/hr/soapdemo/model/common/"/>
    </DesignTime>
  </Remote>
  <ServiceViewUsage
    ViewUsageName="Departments"
    CanCreate="true"
    CanUpdate="true"
    CanDelete="true"
    CanMerge="true">
    <DesignTime>
      <Attr Name="_DeleteOpName" Value="deleteDepartments"/>
      <Attr Name="_GetOpName" Value="getDepartments"/>
      <Attr Name="_MergeOpName" Value="mergeDepartments"/>
      <Attr Name="_FindOpName" Value="findDepartments"/>
      <Attr Name="_UpdateOpName" Value="updateDepartments"/>
      <Attr Name="_CreateOpName" Value="createDepartments"/>
    </DesignTime>
  </ServiceViewUsage>
  <ServiceViewUsage
    ViewUsageName="RegionsView1"
    CanCreate="true"
    CanUpdate="true"
    CanDelete="true"
    CanMerge="true">
    <DesignTime>
      <Attr Name="_DeleteOpName" Value="deleteRegionsView1"/>
      <Attr Name="_GetOpName" Value="getRegionsView1"/>
      <Attr Name="_MergeOpName" Value="mergeRegionsView1"/>
      <Attr Name="_FindOpName" Value="findRegionsView1"/>
      <Attr Name="_UpdateOpName" Value="updateRegionsView1"/>
      <Attr Name="_CreateOpName" Value="createRegionsView1"/>
    </DesignTime>
  </ServiceViewUsage>
</AppModule>
