<?xml version="1.0" encoding="windows-1252" ?>
<!DOCTYPE Association SYSTEM "jbo_03_01.dtd">
<!---->
<Association
  xmlns="http://xmlns.oracle.com/bc4j"
  Name="LocCIdFkAssoc"
  Version="11.1.2.64.36">
  <DesignTime>
    <Attr Name="_isCodegen" Value="true"/>
  </DesignTime>
  <AssociationEnd
    Name="Countries"
    Cardinality="1"
    Source="true"
    Owner="oracle.ateam.hr.soapdemo.model.Countries"
    LockLevel="NONE">
    <DesignTime>
      <Attr Name="_aggregation" Value="0"/>
      <Attr Name="_finderName" Value="Countries"/>
      <Attr Name="_foreignKey" Value="oracle.ateam.hr.soapdemo.model.Countries.CountryCIdPk"/>
      <Attr Name="_isUpdateable" Value="true"/>
    </DesignTime>
    <AttrArray Name="Attributes">
      <Item Value="oracle.ateam.hr.soapdemo.model.Countries.CountryId"/>
    </AttrArray>
  </AssociationEnd>
  <AssociationEnd
    Name="Locations"
    Cardinality="-1"
    Owner="oracle.ateam.hr.soapdemo.model.Locations"
    HasOwner="true">
    <DesignTime>
      <Attr Name="_aggregation" Value="0"/>
      <Attr Name="_finderName" Value="Locations"/>
      <Attr Name="_foreignKey" Value="oracle.ateam.hr.soapdemo.model.Locations.LocCIdFk"/>
      <Attr Name="_isUpdateable" Value="true"/>
    </DesignTime>
    <AttrArray Name="Attributes">
      <Item Value="oracle.ateam.hr.soapdemo.model.Locations.CountryId"/>
    </AttrArray>
  </AssociationEnd>
</Association>
